{
    "predict_accuracy": 0.0040937002501705705,
    "predict_bleu-4": 76.76474324918505,
    "predict_rouge-1": 80.07936512015768,
    "predict_rouge-2": 79.63052629065272,
    "predict_rouge-l": 85.3918025623531,
    "predict_runtime": 10769.5395,
    "predict_samples_per_second": 1.225,
    "predict_steps_per_second": 0.204
}