{
    "predict_accuracy": 0.0,
    "predict_bleu-4": 1.868183168316832,
    "predict_rouge-1": 2.032079207920792,
    "predict_rouge-2": 0.27832178217821785,
    "predict_rouge-l": 2.2607742574257426,
    "predict_runtime": 775.2733,
    "predict_samples_per_second": 0.13,
    "predict_steps_per_second": 0.017
}