{
    "predict_accuracy": 0.0019453450671607225,
    "predict_bleu-4": 76.83475176470589,
    "predict_rouge-1": 80.02860930060213,
    "predict_rouge-2": 79.57973975451598,
    "predict_rouge-l": 85.51124645206116,
    "predict_runtime": 7145.7832,
    "predict_samples_per_second": 3.021,
    "predict_steps_per_second": 0.126
}