{
    "predict_accuracy": 0.0032597983473580472,
    "predict_bleu-4": 76.86038925024639,
    "predict_rouge-1": 80.16895658403456,
    "predict_rouge-2": 79.72237985747859,
    "predict_rouge-l": 85.4399280949132,
    "predict_runtime": 8018.4869,
    "predict_samples_per_second": 1.645,
    "predict_steps_per_second": 0.274
}